{"cameraMode":{"drawMode":0,"name":"Shaded","section":"Shading Mode"},"sceneLighting":true,"audioPlay":false,"sceneViewState":{"m_AlwaysRefresh":false,"showFog":true,"showSkybox":true,"showFlares":true,"showImageEffects":true,"showParticleSystems":true,"showVisualEffectGraphs":true,"m_FxEnabled":true},"in2DMode":false,"pivot":{"x":76.51995849609375,"y":30.79417610168457,"z":194.49583435058595},"rotation":{"x":-0.018251992762088777,"y":-0.07880841195583344,"z":0.0014432196039706469,"w":-0.9967238306999207},"size":126.81238555908203,"orthographic":false}